entity,type,id
Edwin Jackson,Person,Q764618
Guangdong Southern Tigers,Organization,-
Barça,Organization,Q7156
Jackson,Person,Q764618
Malaga,Location,Q8851
Skeeter Jackson,Person,Q3486211
Chine,Location,Q148
Euroligue,Organization,Q185982
Coupe du monde 2019,Organization,Q4630359
Fiba,Organization,Q46199
Russie,Location,Q159
Belgique,Location,Q31
Nando de Colo,Person,Q554866
CSKA Moscou,Organization,Q457376
Matthias Lessort,Person,-
Etoile Rouge,Organization,Q1933939
Vincent Poirier,Peron,Q28105058
Vitoria,Location,Q14318
Adrien Moerman,Person,Q331358
Barcelone,Location,Q1492
Lyon-Villeurbanne,Location,Q3269624
Nanterre,Location,Q170507
Rouen,Location,Q30974
Thomas Heurtel,Person,Q265383
Kevin Séraphin,Person,Q2429412
